Workbook

Sheet 📋 Raw Data
A1: # | B1: اسم الموظف | C1: الجنس | D1: القسم | E1: المسمى الوظيفي | F1: المدينة | G1: المؤهل | H1: سنوات الخبرة | I1: تقييم الأداء | J1: الراتب الأساسي (ج.م) | K1: بدل السكن (ج.م) | L1: بدل المواصلات (ج.م) | M1: المكافأة (ج.م) | N1: الراتب الإجمالي (ج.م) | O1: الضريبة (ج.م) | P1: صافي الراتب (ج.م)
A2: 1 | B2: مريم عمر | C2: أنثى | D2: العمليات | E2: مدير عمليات | F2: القاهرة | G2: بكالوريوس | H2: 12 | I2: ممتاز | J2: 23766 | K2: =J2*0.2 -> 4753.2 | L2: =500 -> 500 | M2: =J2*0.2 -> 4753.2 | N2: =J2+K2+L2+M2 -> 33772.4 | O2: =IF(N2>10000,N2*0.15,N2*0.1) -> 5065.86 | P2: =N2-O2 -> 28706.54
A3: 2 | B3: أحمد علي | C3: ذكر | D3: الموارد البشرية | E3: أخصائي توظيف | F3: القاهرة | G3: ماجستير | H3: 3 | I3: مقبول | J3: 9697 | K3: =J3*0.2 -> 1939.4 | L3: =500 -> 500 | M3: =J3*0 -> 0 | N3: =J3+K3+L3+M3 -> 12136.4 | O3: =IF(N3>10000,N3*0.15,N3*0.1) -> 1820.46 | P3: =N3-O3 -> 10315.94
A4: 3 | B4: خالد صالح | C4: ذكر | D4: المبيعات | E4: مشرف مبيعات | F4: أسيوط | G4: دكتوراه | H4: 2 | I4: جيد جداً | J4: 11377 | K4: =J4*0.2 -> 2275.4 | L4: =500 -> 500 | M4: =J4*0.12 -> 1365.24 | N4: =J4+K4+L4+M4 -> 15517.64 | O4: =IF(N4>10000,N4*0.15,N4*0.1) -> 2327.646 | P4: =N4-O4 -> 13189.994
A5: 4 | B5: عمر عمر | C5: ذكر | D5: التسويق | E5: مصمم جرافيك | F5: القاهرة | G5: دبلوم | H5: 18 | I5: جيد جداً | J5: 11331 | K5: =J5*0.2 -> 2266.2 | L5: =500 -> 500 | M5: =J5*0.12 -> 1359.72 | N5: =J5+K5+L5+M5 -> 15456.92 | O5: =IF(N5>10000,N5*0.15,N5*0.1) -> 2318.538 | P5: =N5-O5 -> 13138.382
A6: 5 | B6: يوسف علي | C6: ذكر | D6: المالية | E6: مدير مالي | F6: القاهرة | G6: بكالوريوس | H6: 20 | I6: جيد جداً | J6: 31542 | K6: =J6*0.2 -> 6308.4 | L6: =500 -> 500 | M6: =J6*0.12 -> 3785.04 | N6: =J6+K6+L6+M6 -> 42135.44 | O6: =IF(N6>10000,N6*0.15,N6*0.1) -> 6320.316 | P6: =N6-O6 -> 35815.124
A7: 6 | B7: رنا يوسف | C7: أنثى | D7: المالية | E7: محلل مالي | F7: الجيزة | G7: دبلوم | H7: 8 | I7: جيد جداً | J7: 17454 | K7: =J7*0.2 -> 3490.8 | L7: =500 -> 500 | M7: =J7*0.12 -> 2094.48 | N7: =J7+K7+L7+M7 -> 23539.28 | O7: =IF(N7>10000,N7*0.15,N7*0.1) -> 3530.892 | P7: =N7-O7 -> 20008.388
A8: 7 | B8: محمد صالح | C8: ذكر | D8: تقنية المعلومات | E8: مهندس شبكات | F8: المنصورة | G8: دبلوم | H8: 15 | I8: جيد | J8: 24622 | K8: =J8*0.2 -> 4924.4 | L8: =500 -> 500 | M8: =J8*0.06 -> 1477.32 | N8: =J8+K8+L8+M8 -> 31523.72 | O8: =IF(N8>10000,N8*0.15,N8*0.1) -> 4728.558 | P8: =N8-O8 -> 26795.162
A9: 8 | B9: محمد السيد | C9: ذكر | D9: الموارد البشرية | E9: مدير HR | F9: الجيزة | G9: ماجستير | H9: 16 | I9: مقبول | J9: 22818 | K9: =J9*0.2 -> 4563.6 | L9: =500 -> 500 | M9: =J9*0 -> 0 | N9: =J9+K9+L9+M9 -> 27881.6 | O9: =IF(N9>10000,N9*0.15,N9*0.1) -> 4182.24 | P9: =N9-O9 -> 23699.36
A10: 9 | B10: كريم صالح | C10: ذكر | D10: خدمة العملاء | E10: مشرف كول سنتر | F10: الجيزة | G10: دبلوم | H10: 20 | I10: مقبول | J10: 16093 | K10: =J10*0.2 -> 3218.6 | L10: =500 -> 500 | M10: =J10*0 -> 0 | N10: =J10+K10+L10+M10 -> 19811.6 | O10: =IF(N10>10000,N10*0.15,N10*0.1) -> 2971.74 | P10: =N10-O10 -> 16839.86
A11: 10 | B11: نورا علي | C11: أنثى | D11: تقنية المعلومات | E11: محلل بيانات | F11: القاهرة | G11: بكالوريوس | H11: 10 | I11: مقبول | J11: 17481 | K11: =J11*0.2 -> 3496.2 | L11: =500 -> 500 | M11: =J11*0 -> 0 | N11: =J11+K11+L11+M11 -> 21477.2 | O11: =IF(N11>10000,N11*0.15,N11*0.1) -> 3221.58 | P11: =N11-O11 -> 18255.62
A12: 11 | B12: رنا محمد | C12: أنثى | D12: الموارد البشرية | E12: أخصائي توظيف | F12: الإسكندرية | G12: بكالوريوس | H12: 16 | I12: ممتاز | J12: 12600 | K12: =J12*0.2 -> 2520 | L12: =500 -> 500 | M12: =J12*0.2 -> 2520 | N12: =J12+K12+L12+M12 -> 18140 | O12: =IF(N12>10000,N12*0.15,N12*0.1) -> 2721 | P12: =N12-O12 -> 15419
A13: 12 | B13: مريم عبدالله | C13: أنثى | D13: الموارد البشرية | E13: أخصائي توظيف | F13: المنصورة | G13: بكالوريوس | H13: 6 | I13: مقبول | J13: 11205 | K13: =J13*0.2 -> 2241 | L13: =500 -> 500 | M13: =J13*0 -> 0 | N13: =J13+K13+L13+M13 -> 13946 | O13: =IF(N13>10000,N13*0.15,N13*0.1) -> 2091.9 | P13: =N13-O13 -> 11854.1
A14: 13 | B14: مريم عمر | C14: أنثى | D14: خدمة العملاء | E14: مدير تجربة العميل | F14: الجيزة | G14: دكتوراه | H14: 12 | I14: مقبول | J14: 22606 | K14: =J14*0.2 -> 4521.2 | L14: =500 -> 500 | M14: =J14*0 -> 0 | N14: =J14+K14+L14+M14 -> 27627.2 | O14: =IF(N14>10000,N14*0.15,N14*0.1) -> 4144.08 | P14: =N14-O14 -> 23483.12
A15: 14 | B15: محمد إبراهيم | C15: ذكر | D15: التسويق | E15: مدير تسويق | F15: الإسكندرية | G15: بكالوريوس | H15: 16 | I15: جيد جداً | J15: 25494 | K15: =J15*0.2 -> 5098.8 | L15: =500 -> 500 | M15: =J15*0.12 -> 3059.28 | N15: =J15+K15+L15+M15 -> 34152.08 | O15: =IF(N15>10000,N15*0.15,N15*0.1) -> 5122.812 | P15: =N15-O15 -> 29029.268
A16: 15 | B16: علي عمر | C16: ذكر | D16: المالية | E16: محلل مالي | F16: أسيوط | G16: دبلوم | H16: 5 | I16: ممتاز | J16: 15618 | K16: =J16*0.2 -> 3123.6 | L16: =500 -> 500 | M16: =J16*0.2 -> 3123.6 | N16: =J16+K16+L16+M16 -> 22365.2 | O16: =IF(N16>10000,N16*0.15,N16*0.1) -> 3354.78 | P16: =N16-O16 -> 19010.42
A17: 16 | B17: ياسمين عمر | C17: أنثى | D17: الموارد البشرية | E17: مدير HR | F17: المنصورة | G17: دكتوراه | H17: 2 | I17: جيد جداً | J17: 18117 | K17: =J17*0.2 -> 3623.4 | L17: =500 -> 500 | M17: =J17*0.12 -> 2174.04 | N17: =J17+K17+L17+M17 -> 24414.44 | O17: =IF(N17>10000,N17*0.15,N17*0.1) -> 3662.166 | P17: =N17-O17 -> 20752.274
A18: 17 | B18: مصطفى إبراهيم | C18: ذكر | D18: المبيعات | E18: موظف مبيعات | F18: أسيوط | G18: بكالوريوس | H18: 4 | I18: ممتاز | J18: 8438 | K18: =J18*0.2 -> 1687.6 | L18: =500 -> 500 | M18: =J18*0.2 -> 1687.6 | N18: =J18+K18+L18+M18 -> 12313.2 | O18: =IF(N18>10000,N18*0.15,N18*0.1) -> 1846.98 | P18: =N18-O18 -> 10466.22
A19: 18 | B19: يوسف صالح | C19: ذكر | D19: المبيعات | E19: مدير مبيعات | F19: الإسكندرية | G19: دكتوراه | H19: 5 | I19: جيد | J19: 22550 | K19: =J19*0.2 -> 4510 | L19: =500 -> 500 | M19: =J19*0.06 -> 1353 | N19: =J19+K19+L19+M19 -> 28913 | O19: =IF(N19>10000,N19*0.15,N19*0.1) -> 4336.95 | P19: =N19-O19 -> 24576.05
A20: 19 | B20: منى علي | C20: أنثى | D20: المبيعات | E20: موظف مبيعات | F20: المنصورة | G20: دكتوراه | H20: 16 | I20: جيد | J20: 9123 | K20: =J20*0.2 -> 1824.6 | L20: =500 -> 500 | M20: =J20*0.06 -> 547.38 | N20: =J20+K20+L20+M20 -> 11994.98 | O20: =IF(N20>10000,N20*0.15,N20*0.1) -> 1799.247 | P20: =N20-O20 -> 10195.733
A21: 20 | B21: يوسف حسين | C21: ذكر | D21: الموارد البشرية | E21: مدير تدريب | F21: الإسكندرية | G21: بكالوريوس | H21: 7 | I21: جيد | J21: 13881 | K21: =J21*0.2 -> 2776.2 | L21: =500 -> 500 | M21: =J21*0.06 -> 832.86 | N21: =J21+K21+L21+M21 -> 17990.06 | O21: =IF(N21>10000,N21*0.15,N21*0.1) -> 2698.509 | P21: =N21-O21 -> 15291.551
A22: 21 | B22: كريم حسين | C22: ذكر | D22: العمليات | E22: مدير عمليات | F22: الجيزة | G22: دبلوم | H22: 6 | I22: جيد | J22: 20810 | K22: =J22*0.2 -> 4162 | L22: =500 -> 500 | M22: =J22*0.06 -> 1248.6 | N22: =J22+K22+L22+M22 -> 26720.6 | O22: =IF(N22>10000,N22*0.15,N22*0.1) -> 4008.09 | P22: =N22-O22 -> 22712.51
A23: 22 | B23: هبة صالح | C23: أنثى | D23: خدمة العملاء | E23: ممثل خدمة عملاء | F23: الإسكندرية | G23: دكتوراه | H23: 8 | I23: جيد جداً | J23: 7762 | K23: =J23*0.2 -> 1552.4 | L23: =500 -> 500 | M23: =J23*0.12 -> 931.44 | N23: =J23+K23+L23+M23 -> 10745.84 | O23: =IF(N23>10000,N23*0.15,N23*0.1) -> 1611.876 | P23: =N23-O23 -> 9133.964
A24: 23 | B24: سارة محمد | C24: أنثى | D24: خدمة العملاء | E24: مشرف كول سنتر | F24: المنصورة | G24: دبلوم | H24: 7 | I24: جيد | J24: 12688 | K24: =J24*0.2 -> 2537.6 | L24: =500 -> 500 | M24: =J24*0.06 -> 761.28 | N24: =J24+K24+L24+M24 -> 16486.88 | O24: =IF(N24>10000,N24*0.15,N24*0.1) -> 2473.032 | P24: =N24-O24 -> 14013.848
A25: 24 | B25: رنا علي | C25: أنثى | D25: التسويق | E25: مدير تسويق | F25: الإسكندرية | G25: دكتوراه | H25: 7 | I25: جيد | J25: 21685 | K25: =J25*0.2 -> 4337 | L25: =500 -> 500 | M25: =J25*0.06 -> 1301.1 | N25: =J25+K25+L25+M25 -> 27823.1 | O25: =IF(N25>10000,N25*0.15,N25*0.1) -> 4173.465 | P25: =N25-O25 -> 23649.635
A26: 25 | B26: مصطفى أحمد | C26: ذكر | D26: خدمة العملاء | E26: مدير تجربة العميل | F26: القاهرة | G26: بكالوريوس | H26: 13 | I26: جيد جداً | J26: 20553 | K26: =J26*0.2 -> 4110.6 | L26: =500 -> 500 | M26: =J26*0.12 -> 2466.36 | N26: =J26+K26+L26+M26 -> 27629.96 | O26: =IF(N26>10000,N26*0.15,N26*0.1) -> 4144.494 | P26: =N26-O26 -> 23485.466
A27: 26 | B27: حسن أحمد | C27: ذكر | D27: المبيعات | E27: مشرف مبيعات | F27: المنصورة | G27: دكتوراه | H27: 13 | I27: ممتاز | J27: 16348 | K27: =J27*0.2 -> 3269.6 | L27: =500 -> 500 | M27: =J27*0.2 -> 3269.6 | N27: =J27+K27+L27+M27 -> 23387.2 | O27: =IF(N27>10000,N27*0.15,N27*0.1) -> 3508.08 | P27: =N27-O27 -> 19879.12
A28: 27 | B28: علي محمد | C28: ذكر | D28: التسويق | E28: مصمم جرافيك | F28: المنصورة | G28: ماجستير | H28: 20 | I28: مقبول | J28: 13410 | K28: =J28*0.2 -> 2682 | L28: =500 -> 500 | M28: =J28*0 -> 0 | N28: =J28+K28+L28+M28 -> 16592 | O28: =IF(N28>10000,N28*0.15,N28*0.1) -> 2488.8 | P28: =N28-O28 -> 14103.2
A29: 28 | B29: مريم السيد | C29: أنثى | D29: المالية | E29: محاسب | F29: القاهرة | G29: بكالوريوس | H29: 4 | I29: جيد جداً | J29: 10891 | K29: =J29*0.2 -> 2178.2 | L29: =500 -> 500 | M29: =J29*0.12 -> 1306.92 | N29: =J29+K29+L29+M29 -> 14876.12 | O29: =IF(N29>10000,N29*0.15,N29*0.1) -> 2231.418 | P29: =N29-O29 -> 12644.702
A30: 29 | B30: خالد محمد | C30: ذكر | D30: تقنية المعلومات | E30: مطور برمجيات | F30: الجيزة | G30: ماجستير | H30: 19 | I30: جيد | J30: 29293 | K30: =J30*0.2 -> 5858.6 | L30: =500 -> 500 | M30: =J30*0.06 -> 1757.58 | N30: =J30+K30+L30+M30 -> 37409.18 | O30: =IF(N30>10000,N30*0.15,N30*0.1) -> 5611.377 | P30: =N30-O30 -> 31797.803
A31: 30 | B31: مريم محمد | C31: أنثى | D31: العمليات | E31: مشرف مستودع | F31: المنصورة | G31: دكتوراه | H31: 17 | I31: جيد جداً | J31: 12457 | K31: =J31*0.2 -> 2491.4 | L31: =500 -> 500 | M31: =J31*0.12 -> 1494.84 | N31: =J31+K31+L31+M31 -> 16943.24 | O31: =IF(N31>10000,N31*0.15,N31*0.1) -> 2541.486 | P31: =N31-O31 -> 14401.754
A32: 31 | B32: مصطفى إبراهيم | C32: ذكر | D32: المالية | E32: محاسب | F32: الإسكندرية | G32: ماجستير | H32: 5 | I32: مقبول | J32: 11603 | K32: =J32*0.2 -> 2320.6 | L32: =500 -> 500 | M32: =J32*0 -> 0 | N32: =J32+K32+L32+M32 -> 14423.6 | O32: =IF(N32>10000,N32*0.15,N32*0.1) -> 2163.54 | P32: =N32-O32 -> 12260.06
A33: 32 | B33: كريم محمد | C33: ذكر | D33: تقنية المعلومات | E33: مهندس شبكات | F33: أسيوط | G33: دكتوراه | H33: 4 | I33: ممتاز | J33: 18704 | K33: =J33*0.2 -> 3740.8 | L33: =500 -> 500 | M33: =J33*0.2 -> 3740.8 | N33: =J33+K33+L33+M33 -> 26685.6 | O33: =IF(N33>10000,N33*0.15,N33*0.1) -> 4002.84 | P33: =N33-O33 -> 22682.76
A34: 33 | B34: سارة علي | C34: أنثى | D34: المالية | E34: محلل مالي | F34: أسيوط | G34: بكالوريوس | H34: 3 | I34: مقبول | J34: 14564 | K34: =J34*0.2 -> 2912.8 | L34: =500 -> 500 | M34: =J34*0 -> 0 | N34: =J34+K34+L34+M34 -> 17976.8 | O34: =IF(N34>10000,N34*0.15,N34*0.1) -> 2696.52 | P34: =N34-O34 -> 15280.28
A35: 34 | B35: عمر يوسف | C35: ذكر | D35: المالية | E35: مدير مالي | F35: المنصورة | G35: ماجستير | H35: 17 | I35: جيد | J35: 33333 | K35: =J35*0.2 -> 6666.6 | L35: =500 -> 500 | M35: =J35*0.06 -> 1999.98 | N35: =J35+K35+L35+M35 -> 42499.58 | O35: =IF(N35>10000,N35*0.15,N35*0.1) -> 6374.937 | P35: =N35-O35 -> 36124.643
A36: 35 | B36: مصطفى إبراهيم | C36: ذكر | D36: الموارد البشرية | E36: مدير HR | F36: المنصورة | G36: دكتوراه | H36: 11 | I36: ممتاز | J36: 24751 | K36: =J36*0.2 -> 4950.2 | L36: =500 -> 500 | M36: =J36*0.2 -> 4950.2 | N36: =J36+K36+L36+M36 -> 35151.4 | O36: =IF(N36>10000,N36*0.15,N36*0.1) -> 5272.71 | P36: =N36-O36 -> 29878.69
A37: 36 | B37: نورا عبدالله | C37: أنثى | D37: العمليات | E37: مشرف مستودع | F37: القاهرة | G37: ماجستير | H37: 12 | I37: جيد جداً | J37: 10750 | K37: =J37*0.2 -> 2150 | L37: =500 -> 500 | M37: =J37*0.12 -> 1290 | N37: =J37+K37+L37+M37 -> 14690 | O37: =IF(N37>10000,N37*0.15,N37*0.1) -> 2203.5 | P37: =N37-O37 -> 12486.5
A38: 37 | B38: مصطفى عبدالله | C38: ذكر | D38: العمليات | E38: مدير عمليات | F38: المنصورة | G38: دكتوراه | H38: 6 | I38: جيد جداً | J38: 17905 | K38: =J38*0.2 -> 3581 | L38: =500 -> 500 | M38: =J38*0.12 -> 2148.6 | N38: =J38+K38+L38+M38 -> 24134.6 | O38: =IF(N38>10000,N38*0.15,N38*0.1) -> 3620.19 | P38: =N38-O38 -> 20514.41
A39: 38 | B39: أسماء عمر | C39: أنثى | D39: تقنية المعلومات | E39: محلل بيانات | F39: الإسكندرية | G39: دبلوم | H39: 11 | I39: ممتاز | J39: 19774 | K39: =J39*0.2 -> 3954.8 | L39: =500 -> 500 | M39: =J39*0.2 -> 3954.8 | N39: =J39+K39+L39+M39 -> 28183.6 | O39: =IF(N39>10000,N39*0.15,N39*0.1) -> 4227.54 | P39: =N39-O39 -> 23956.06
A40: 39 | B40: يوسف السيد | C40: ذكر | D40: الموارد البشرية | E40: أخصائي توظيف | F40: القاهرة | G40: دكتوراه | H40: 11 | I40: جيد | J40: 12542 | K40: =J40*0.2 -> 2508.4 | L40: =500 -> 500 | M40: =J40*0.06 -> 752.52 | N40: =J40+K40+L40+M40 -> 16302.92 | O40: =IF(N40>10000,N40*0.15,N40*0.1) -> 2445.438 | P40: =N40-O40 -> 13857.482
A41: 40 | B41: محمد عبدالله | C41: ذكر | D41: المبيعات | E41: مدير مبيعات | F41: الجيزة | G41: دبلوم | H41: 2 | I41: جيد جداً | J41: 18114 | K41: =J41*0.2 -> 3622.8 | L41: =500 -> 500 | M41: =J41*0.12 -> 2173.68 | N41: =J41+K41+L41+M41 -> 24410.48 | O41: =IF(N41>10000,N41*0.15,N41*0.1) -> 3661.572 | P41: =N41-O41 -> 20748.908
A42: 41 | B42: حسن حسين | C42: ذكر | D42: الموارد البشرية | E42: مدير HR | F42: أسيوط | G42: دكتوراه | H42: 11 | I42: ممتاز | J42: 22479 | K42: =J42*0.2 -> 4495.8 | L42: =500 -> 500 | M42: =J42*0.2 -> 4495.8 | N42: =J42+K42+L42+M42 -> 31970.6 | O42: =IF(N42>10000,N42*0.15,N42*0.1) -> 4795.59 | P42: =N42-O42 -> 27175.01
A43: 42 | B43: حسن علي | C43: ذكر | D43: تقنية المعلومات | E43: مطور برمجيات | F43: القاهرة | G43: دبلوم | H43: 3 | I43: جيد جداً | J43: 21376 | K43: =J43*0.2 -> 4275.2 | L43: =500 -> 500 | M43: =J43*0.12 -> 2565.12 | N43: =J43+K43+L43+M43 -> 28716.32 | O43: =IF(N43>10000,N43*0.15,N43*0.1) -> 4307.448 | P43: =N43-O43 -> 24408.872
A44: 43 | B44: مصطفى محمد | C44: ذكر | D44: تقنية المعلومات | E44: مهندس شبكات | F44: المنصورة | G44: دبلوم | H44: 20 | I44: جيد جداً | J44: 22952 | K44: =J44*0.2 -> 4590.4 | L44: =500 -> 500 | M44: =J44*0.12 -> 2754.24 | N44: =J44+K44+L44+M44 -> 30796.64 | O44: =IF(N44>10000,N44*0.15,N44*0.1) -> 4619.496 | P44: =N44-O44 -> 26177.144
A45: 44 | B45: محمد إبراهيم | C45: ذكر | D45: تقنية المعلومات | E45: مطور برمجيات | F45: الإسكندرية | G45: ماجستير | H45: 10 | I45: جيد | J45: 27265 | K45: =J45*0.2 -> 5453 | L45: =500 -> 500 | M45: =J45*0.06 -> 1635.9 | N45: =J45+K45+L45+M45 -> 34853.9 | O45: =IF(N45>10000,N45*0.15,N45*0.1) -> 5228.085 | P45: =N45-O45 -> 29625.815
A46: 45 | B46: عمر يوسف | C46: ذكر | D46: المالية | E46: مدير مالي | F46: الإسكندرية | G46: دبلوم | H46: 12 | I46: ممتاز | J46: 31334 | K46: =J46*0.2 -> 6266.8 | L46: =500 -> 500 | M46: =J46*0.2 -> 6266.8 | N46: =J46+K46+L46+M46 -> 44367.6 | O46: =IF(N46>10000,N46*0.15,N46*0.1) -> 6655.14 | P46: =N46-O46 -> 37712.46
A47: 46 | B47: أحمد محمد | C47: ذكر | D47: العمليات | E47: منسق لوجستي | F47: أسيوط | G47: ماجستير | H47: 17 | I47: مقبول | J47: 13527 | K47: =J47*0.2 -> 2705.4 | L47: =500 -> 500 | M47: =J47*0 -> 0 | N47: =J47+K47+L47+M47 -> 16732.4 | O47: =IF(N47>10000,N47*0.15,N47*0.1) -> 2509.86 | P47: =N47-O47 -> 14222.54
A48: 47 | B48: نورا عمر | C48: أنثى | D48: العمليات | E48: مشرف مستودع | F48: أسيوط | G48: دكتوراه | H48: 17 | I48: جيد | J48: 12928 | K48: =J48*0.2 -> 2585.6 | L48: =500 -> 500 | M48: =J48*0.06 -> 775.68 | N48: =J48+K48+L48+M48 -> 16789.28 | O48: =IF(N48>10000,N48*0.15,N48*0.1) -> 2518.392 | P48: =N48-O48 -> 14270.888
A49: 48 | B49: يوسف عبدالله | C49: ذكر | D49: خدمة العملاء | E49: مدير تجربة العميل | F49: الإسكندرية | G49: دكتوراه | H49: 12 | I49: ممتاز | J49: 22007 | K49: =J49*0.2 -> 4401.4 | L49: =500 -> 500 | M49: =J49*0.2 -> 4401.4 | N49: =J49+K49+L49+M49 -> 31309.8 | O49: =IF(N49>10000,N49*0.15,N49*0.1) -> 4696.47 | P49: =N49-O49 -> 26613.33
A50: 49 | B50: محمد حسين | C50: ذكر | D50: الموارد البشرية | E50: مدير HR | F50: القاهرة | G50: بكالوريوس | H50: 13 | I50: جيد | J50: 25130 | K50: =J50*0.2 -> 5026 | L50: =500 -> 500 | M50: =J50*0.06 -> 1507.8 | N50: =J50+K50+L50+M50 -> 32163.8 | O50: =IF(N50>10000,N50*0.15,N50*0.1) -> 4824.57 | P50: =N50-O50 -> 27339.23
A51: 50 | B51: سارة يوسف | C51: أنثى | D51: التسويق | E51: مدير تسويق | F51: الجيزة | G51: دكتوراه | H51: 1 | I51: جيد | J51: 20217 | K51: =J51*0.2 -> 4043.4 | L51: =500 -> 500 | M51: =J51*0.06 -> 1213.02 | N51: =J51+K51+L51+M51 -> 25973.42 | O51: =IF(N51>10000,N51*0.15,N51*0.1) -> 3896.013 | P51: =N51-O51 -> 22077.407
A52: 51 | B52: أسماء أحمد | C52: أنثى | D52: التسويق | E52: مدير تسويق | F52: الجيزة | G52: ماجستير | H52: 12 | I52: جيد جداً | J52: 22327 | K52: =J52*0.2 -> 4465.4 | L52: =500 -> 500 | M52: =J52*0.12 -> 2679.24 | N52: =J52+K52+L52+M52 -> 29971.64 | O52: =IF(N52>10000,N52*0.15,N52*0.1) -> 4495.746 | P52: =N52-O52 -> 25475.894
A53: 52 | B53: نورا يوسف | C53: أنثى | D53: تقنية المعلومات | E53: مهندس شبكات | F53: الإسكندرية | G53: ماجستير | H53: 17 | I53: ممتاز | J53: 22256 | K53: =J53*0.2 -> 4451.2 | L53: =500 -> 500 | M53: =J53*0.2 -> 4451.2 | N53: =J53+K53+L53+M53 -> 31658.4 | O53: =IF(N53>10000,N53*0.15,N53*0.1) -> 4748.76 | P53: =N53-O53 -> 26909.64
A54: 53 | B54: علي عمر | C54: ذكر | D54: المالية | E54: محاسب | F54: المنصورة | G54: بكالوريوس | H54: 10 | I54: جيد | J54: 12689 | K54: =J54*0.2 -> 2537.8 | L54: =500 -> 500 | M54: =J54*0.06 -> 761.34 | N54: =J54+K54+L54+M54 -> 16488.14 | O54: =IF(N54>10000,N54*0.15,N54*0.1) -> 2473.221 | P54: =N54-O54 -> 14014.919
A55: 54 | B55: طارق السيد | C55: ذكر | D55: خدمة العملاء | E55: ممثل خدمة عملاء | F55: أسيوط | G55: دكتوراه | H55: 11 | I55: مقبول | J55: 7433 | K55: =J55*0.2 -> 1486.6 | L55: =500 -> 500 | M55: =J55*0 -> 0 | N55: =J55+K55+L55+M55 -> 9419.6 | O55: =IF(N55>10000,N55*0.15,N55*0.1) -> 941.96 | P55: =N55-O55 -> 8477.64
A56: 55 | B56: أحمد السيد | C56: ذكر | D56: العمليات | E56: مشرف مستودع | F56: أسيوط | G56: ماجستير | H56: 17 | I56: ممتاز | J56: 13346 | K56: =J56*0.2 -> 2669.2 | L56: =500 -> 500 | M56: =J56*0.2 -> 2669.2 | N56: =J56+K56+L56+M56 -> 19184.4 | O56: =IF(N56>10000,N56*0.15,N56*0.1) -> 2877.66 | P56: =N56-O56 -> 16306.74
A57: 56 | B57: محمد محمد | C57: ذكر | D57: المبيعات | E57: مدير مبيعات | F57: الجيزة | G57: بكالوريوس | H57: 13 | I57: مقبول | J57: 23579 | K57: =J57*0.2 -> 4715.8 | L57: =500 -> 500 | M57: =J57*0 -> 0 | N57: =J57+K57+L57+M57 -> 28794.8 | O57: =IF(N57>10000,N57*0.15,N57*0.1) -> 4319.22 | P57: =N57-O57 -> 24475.58
A58: 57 | B58: كريم عبدالله | C58: ذكر | D58: الموارد البشرية | E58: أخصائي توظيف | F58: القاهرة | G58: دكتوراه | H58: 3 | I58: ممتاز | J58: 11287 | K58: =J58*0.2 -> 2257.4 | L58: =500 -> 500 | M58: =J58*0.2 -> 2257.4 | N58: =J58+K58+L58+M58 -> 16301.8 | O58: =IF(N58>10000,N58*0.15,N58*0.1) -> 2445.27 | P58: =N58-O58 -> 13856.53
A59: 58 | B59: مصطفى حسين | C59: ذكر | D59: خدمة العملاء | E59: ممثل خدمة عملاء | F59: الجيزة | G59: ماجستير | H59: 7 | I59: جيد جداً | J59: 8040 | K59: =J59*0.2 -> 1608 | L59: =500 -> 500 | M59: =J59*0.12 -> 964.8 | N59: =J59+K59+L59+M59 -> 11112.8 | O59: =IF(N59>10000,N59*0.15,N59*0.1) -> 1666.92 | P59: =N59-O59 -> 9445.88
A60: 59 | B60: منى عمر | C60: أنثى | D60: المبيعات | E60: موظف مبيعات | F60: الجيزة | G60: بكالوريوس | H60: 20 | I60: جيد جداً | J60: 9653 | K60: =J60*0.2 -> 1930.6 | L60: =500 -> 500 | M60: =J60*0.12 -> 1158.36 | N60: =J60+K60+L60+M60 -> 13241.96 | O60: =IF(N60>10000,N60*0.15,N60*0.1) -> 1986.294 | P60: =N60-O60 -> 11255.666
A61: 60 | B61: يوسف حسين | C61: ذكر | D61: العمليات | E61: منسق لوجستي | F61: الجيزة | G61: ماجستير | H61: 1 | I61: مقبول | J61: 9801 | K61: =J61*0.2 -> 1960.2 | L61: =500 -> 500 | M61: =J61*0 -> 0 | N61: =J61+K61+L61+M61 -> 12261.2 | O61: =IF(N61>10000,N61*0.15,N61*0.1) -> 1839.18 | P61: =N61-O61 -> 10422.02
A62: 61 | B62: نورا عبدالله | C62: أنثى | D62: العمليات | E62: مشرف مستودع | F62: الجيزة | G62: دبلوم | H62: 15 | I62: مقبول | J62: 11894 | K62: =J62*0.2 -> 2378.8 | L62: =500 -> 500 | M62: =J62*0 -> 0 | N62: =J62+K62+L62+M62 -> 14772.8 | O62: =IF(N62>10000,N62*0.15,N62*0.1) -> 2215.92 | P62: =N62-O62 -> 12556.88
A63: 62 | B63: كريم عبدالله | C63: ذكر | D63: تقنية المعلومات | E63: مطور برمجيات | F63: المنصورة | G63: بكالوريوس | H63: 10 | I63: مقبول | J63: 24265 | K63: =J63*0.2 -> 4853 | L63: =500 -> 500 | M63: =J63*0 -> 0 | N63: =J63+K63+L63+M63 -> 29618 | O63: =IF(N63>10000,N63*0.15,N63*0.1) -> 4442.7 | P63: =N63-O63 -> 25175.3
A64: 63 | B64: دينا عمر | C64: أنثى | D64: التسويق | E64: مدير تسويق | F64: القاهرة | G64: بكالوريوس | H64: 5 | I64: جيد | J64: 25040 | K64: =J64*0.2 -> 5008 | L64: =500 -> 500 | M64: =J64*0.06 -> 1502.4 | N64: =J64+K64+L64+M64 -> 32050.4 | O64: =IF(N64>10000,N64*0.15,N64*0.1) -> 4807.56 | P64: =N64-O64 -> 27242.84
A65: 64 | B65: طارق السيد | C65: ذكر | D65: تقنية المعلومات | E65: مطور برمجيات | F65: الجيزة | G65: ماجستير | H65: 16 | I65: مقبول | J65: 28997 | K65: =J65*0.2 -> 5799.4 | L65: =500 -> 500 | M65: =J65*0 -> 0 | N65: =J65+K65+L65+M65 -> 35296.4 | O65: =IF(N65>10000,N65*0.15,N65*0.1) -> 5294.46 | P65: =N65-O65 -> 30001.94
A66: 65 | B66: أحمد يوسف | C66: ذكر | D66: العمليات | E66: مشرف مستودع | F66: المنصورة | G66: دبلوم | H66: 5 | I66: مقبول | J66: 9761 | K66: =J66*0.2 -> 1952.2 | L66: =500 -> 500 | M66: =J66*0 -> 0 | N66: =J66+K66+L66+M66 -> 12213.2 | O66: =IF(N66>10000,N66*0.15,N66*0.1) -> 1831.98 | P66: =N66-O66 -> 10381.22
A67: 66 | B67: نورا أحمد | C67: أنثى | D67: المبيعات | E67: موظف مبيعات | F67: الجيزة | G67: دكتوراه | H67: 4 | I67: جيد جداً | J67: 8734 | K67: =J67*0.2 -> 1746.8 | L67: =500 -> 500 | M67: =J67*0.12 -> 1048.08 | N67: =J67+K67+L67+M67 -> 12028.88 | O67: =IF(N67>10000,N67*0.15,N67*0.1) -> 1804.332 | P67: =N67-O67 -> 10224.548
A68: 67 | B68: دينا أحمد | C68: أنثى | D68: المبيعات | E68: موظف مبيعات | F68: المنصورة | G68: بكالوريوس | H68: 12 | I68: مقبول | J68: 10127 | K68: =J68*0.2 -> 2025.4 | L68: =500 -> 500 | M68: =J68*0 -> 0 | N68: =J68+K68+L68+M68 -> 12652.4 | O68: =IF(N68>10000,N68*0.15,N68*0.1) -> 1897.86 | P68: =N68-O68 -> 10754.54
A69: 68 | B69: عمر علي | C69: ذكر | D69: المبيعات | E69: مشرف مبيعات | F69: الجيزة | G69: ماجستير | H69: 8 | I69: جيد | J69: 14046 | K69: =J69*0.2 -> 2809.2 | L69: =500 -> 500 | M69: =J69*0.06 -> 842.76 | N69: =J69+K69+L69+M69 -> 18197.96 | O69: =IF(N69>10000,N69*0.15,N69*0.1) -> 2729.694 | P69: =N69-O69 -> 15468.266
A70: 69 | B70: هبة أحمد | C70: أنثى | D70: خدمة العملاء | E70: مشرف كول سنتر | F70: القاهرة | G70: دكتوراه | H70: 18 | I70: جيد جداً | J70: 16155 | K70: =J70*0.2 -> 3231 | L70: =500 -> 500 | M70: =J70*0.12 -> 1938.6 | N70: =J70+K70+L70+M70 -> 21824.6 | O70: =IF(N70>10000,N70*0.15,N70*0.1) -> 3273.69 | P70: =N70-O70 -> 18550.91
A71: 70 | B71: حسن يوسف | C71: ذكر | D71: المالية | E71: محاسب | F71: الجيزة | G71: دكتوراه | H71: 2 | I71: جيد جداً | J71: 9804 | K71: =J71*0.2 -> 1960.8 | L71: =500 -> 500 | M71: =J71*0.12 -> 1176.48 | N71: =J71+K71+L71+M71 -> 13441.28 | O71: =IF(N71>10000,N71*0.15,N71*0.1) -> 2016.192 | P71: =N71-O71 -> 11425.088
A72: 71 | B72: رنا حسين | C72: أنثى | D72: تقنية المعلومات | E72: محلل بيانات | F72: الجيزة | G72: دكتوراه | H72: 8 | I72: جيد | J72: 17762 | K72: =J72*0.2 -> 3552.4 | L72: =500 -> 500 | M72: =J72*0.06 -> 1065.72 | N72: =J72+K72+L72+M72 -> 22880.12 | O72: =IF(N72>10000,N72*0.15,N72*0.1) -> 3432.018 | P72: =N72-O72 -> 19448.102
A73: 72 | B73: نورا إبراهيم | C73: أنثى | D73: العمليات | E73: مدير عمليات | F73: القاهرة | G73: ماجستير | H73: 17 | I73: مقبول | J73: 23636 | K73: =J73*0.2 -> 4727.2 | L73: =500 -> 500 | M73: =J73*0 -> 0 | N73: =J73+K73+L73+M73 -> 28863.2 | O73: =IF(N73>10000,N73*0.15,N73*0.1) -> 4329.48 | P73: =N73-O73 -> 24533.72
A74: 73 | B74: رنا يوسف | C74: أنثى | D74: الموارد البشرية | E74: مدير HR | F74: أسيوط | G74: ماجستير | H74: 8 | I74: ممتاز | J74: 20799 | K74: =J74*0.2 -> 4159.8 | L74: =500 -> 500 | M74: =J74*0.2 -> 4159.8 | N74: =J74+K74+L74+M74 -> 29618.6 | O74: =IF(N74>10000,N74*0.15,N74*0.1) -> 4442.79 | P74: =N74-O74 -> 25175.81
A75: 74 | B75: يوسف عبدالله | C75: ذكر | D75: تقنية المعلومات | E75: محلل بيانات | F75: أسيوط | G75: ماجستير | H75: 1 | I75: مقبول | J75: 15234 | K75: =J75*0.2 -> 3046.8 | L75: =500 -> 500 | M75: =J75*0 -> 0 | N75: =J75+K75+L75+M75 -> 18780.8 | O75: =IF(N75>10000,N75*0.15,N75*0.1) -> 2817.12 | P75: =N75-O75 -> 15963.68
A76: 75 | B76: حسن حسين | C76: ذكر | D76: تقنية المعلومات | E76: مطور برمجيات | F76: المنصورة | G76: دبلوم | H76: 19 | I76: جيد | J76: 28279 | K76: =J76*0.2 -> 5655.8 | L76: =500 -> 500 | M76: =J76*0.06 -> 1696.74 | N76: =J76+K76+L76+M76 -> 36131.54 | O76: =IF(N76>10000,N76*0.15,N76*0.1) -> 5419.731 | P76: =N76-O76 -> 30711.809
A77: 76 | B77: محمد حسين | C77: ذكر | D77: التسويق | E77: محلل تسويق | F77: المنصورة | G77: دكتوراه | H77: 14 | I77: جيد | J77: 15659 | K77: =J77*0.2 -> 3131.8 | L77: =500 -> 500 | M77: =J77*0.06 -> 939.54 | N77: =J77+K77+L77+M77 -> 20230.34 | O77: =IF(N77>10000,N77*0.15,N77*0.1) -> 3034.551 | P77: =N77-O77 -> 17195.789
A78: 77 | B78: علي محمد | C78: ذكر | D78: الموارد البشرية | E78: مدير تدريب | F78: المنصورة | G78: دكتوراه | H78: 1 | I78: ممتاز | J78: 13232 | K78: =J78*0.2 -> 2646.4 | L78: =500 -> 500 | M78: =J78*0.2 -> 2646.4 | N78: =J78+K78+L78+M78 -> 19024.8 | O78: =IF(N78>10000,N78*0.15,N78*0.1) -> 2853.72 | P78: =N78-O78 -> 16171.08
A79: 78 | B79: منى عبدالله | C79: أنثى | D79: خدمة العملاء | E79: ممثل خدمة عملاء | F79: الإسكندرية | G79: ماجستير | H79: 5 | I79: ممتاز | J79: 8118 | K79: =J79*0.2 -> 1623.6 | L79: =500 -> 500 | M79: =J79*0.2 -> 1623.6 | N79: =J79+K79+L79+M79 -> 11865.2 | O79: =IF(N79>10000,N79*0.15,N79*0.1) -> 1779.78 | P79: =N79-O79 -> 10085.42
A80: 79 | B80: نورا السيد | C80: أنثى | D80: خدمة العملاء | E80: ممثل خدمة عملاء | F80: القاهرة | G80: ماجستير | H80: 8 | I80: ممتاز | J80: 8003 | K80: =J80*0.2 -> 1600.6 | L80: =500 -> 500 | M80: =J80*0.2 -> 1600.6 | N80: =J80+K80+L80+M80 -> 11704.2 | O80: =IF(N80>10000,N80*0.15,N80*0.1) -> 1755.63 | P80: =N80-O80 -> 9948.57
A81: 80 | B81: مريم حسين | C81: أنثى | D81: المالية | E81: مدير مالي | F81: المنصورة | G81: بكالوريوس | H81: 4 | I81: ممتاز | J81: 23168 | K81: =J81*0.2 -> 4633.6 | L81: =500 -> 500 | M81: =J81*0.2 -> 4633.6 | N81: =J81+K81+L81+M81 -> 32935.2 | O81: =IF(N81>10000,N81*0.15,N81*0.1) -> 4940.28 | P81: =N81-O81 -> 27994.92
A82: 81 | B82: حسن حسين | C82: ذكر | D82: التسويق | E82: مصمم جرافيك | F82: القاهرة | G82: بكالوريوس | H82: 18 | I82: جيد | J82: 14065 | K82: =J82*0.2 -> 2813 | L82: =500 -> 500 | M82: =J82*0.06 -> 843.9 | N82: =J82+K82+L82+M82 -> 18221.9 | O82: =IF(N82>10000,N82*0.15,N82*0.1) -> 2733.285 | P82: =N82-O82 -> 15488.615
A83: 82 | B83: رنا عبدالله | C83: أنثى | D83: الموارد البشرية | E83: مدير تدريب | F83: الإسكندرية | G83: ماجستير | H83: 1 | I83: مقبول | J83: 14270 | K83: =J83*0.2 -> 2854 | L83: =500 -> 500 | M83: =J83*0 -> 0 | N83: =J83+K83+L83+M83 -> 17624 | O83: =IF(N83>10000,N83*0.15,N83*0.1) -> 2643.6 | P83: =N83-O83 -> 14980.4
A84: 83 | B84: سارة محمد | C84: أنثى | D84: التسويق | E84: محلل تسويق | F84: المنصورة | G84: بكالوريوس | H84: 9 | I84: جيد جداً | J84: 13848 | K84: =J84*0.2 -> 2769.6 | L84: =500 -> 500 | M84: =J84*0.12 -> 1661.76 | N84: =J84+K84+L84+M84 -> 18779.36 | O84: =IF(N84>10000,N84*0.15,N84*0.1) -> 2816.904 | P84: =N84-O84 -> 15962.456
A85: 84 | B85: هبة يوسف | C85: أنثى | D85: المبيعات | E85: مشرف مبيعات | F85: الجيزة | G85: دكتوراه | H85: 12 | I85: مقبول | J85: 14129 | K85: =J85*0.2 -> 2825.8 | L85: =500 -> 500 | M85: =J85*0 -> 0 | N85: =J85+K85+L85+M85 -> 17454.8 | O85: =IF(N85>10000,N85*0.15,N85*0.1) -> 2618.22 | P85: =N85-O85 -> 14836.58
A86: 85 | B86: أسماء علي | C86: أنثى | D86: التسويق | E86: محلل تسويق | F86: الإسكندرية | G86: دبلوم | H86: 7 | I86: جيد جداً | J86: 12744 | K86: =J86*0.2 -> 2548.8 | L86: =500 -> 500 | M86: =J86*0.12 -> 1529.28 | N86: =J86+K86+L86+M86 -> 17322.08 | O86: =IF(N86>10000,N86*0.15,N86*0.1) -> 2598.312 | P86: =N86-O86 -> 14723.768
A87: 86 | B87: دينا علي | C87: أنثى | D87: المالية | E87: محلل مالي | F87: أسيوط | G87: ماجستير | H87: 8 | I87: مقبول | J87: 16309 | K87: =J87*0.2 -> 3261.8 | L87: =500 -> 500 | M87: =J87*0 -> 0 | N87: =J87+K87+L87+M87 -> 20070.8 | O87: =IF(N87>10000,N87*0.15,N87*0.1) -> 3010.62 | P87: =N87-O87 -> 17060.18
A88: 87 | B88: طارق إبراهيم | C88: ذكر | D88: الموارد البشرية | E88: مدير HR | F88: الإسكندرية | G88: بكالوريوس | H88: 20 | I88: جيد جداً | J88: 26702 | K88: =J88*0.2 -> 5340.4 | L88: =500 -> 500 | M88: =J88*0.12 -> 3204.24 | N88: =J88+K88+L88+M88 -> 35746.64 | O88: =IF(N88>10000,N88*0.15,N88*0.1) -> 5361.996 | P88: =N88-O88 -> 30384.644
A89: 88 | B89: علي عمر | C89: ذكر | D89: الموارد البشرية | E89: مدير تدريب | F89: الجيزة | G89: بكالوريوس | H89: 3 | I89: جيد جداً | J89: 13536 | K89: =J89*0.2 -> 2707.2 | L89: =500 -> 500 | M89: =J89*0.12 -> 1624.32 | N89: =J89+K89+L89+M89 -> 18367.52 | O89: =IF(N89>10000,N89*0.15,N89*0.1) -> 2755.128 | P89: =N89-O89 -> 15612.392
A90: 89 | B90: كريم يوسف | C90: ذكر | D90: المبيعات | E90: موظف مبيعات | F90: المنصورة | G90: دبلوم | H90: 11 | I90: مقبول | J90: 8622 | K90: =J90*0.2 -> 1724.4 | L90: =500 -> 500 | M90: =J90*0 -> 0 | N90: =J90+K90+L90+M90 -> 10846.4 | O90: =IF(N90>10000,N90*0.15,N90*0.1) -> 1626.96 | P90: =N90-O90 -> 9219.44
A91: 90 | B91: محمد حسين | C91: ذكر | D91: المبيعات | E91: موظف مبيعات | F91: المنصورة | G91: بكالوريوس | H91: 18 | I91: جيد جداً | J91: 10149 | K91: =J91*0.2 -> 2029.8 | L91: =500 -> 500 | M91: =J91*0.12 -> 1217.88 | N91: =J91+K91+L91+M91 -> 13896.68 | O91: =IF(N91>10000,N91*0.15,N91*0.1) -> 2084.502 | P91: =N91-O91 -> 11812.178
A92: 91 | B92: ياسمين علي | C92: أنثى | D92: المبيعات | E92: مشرف مبيعات | F92: المنصورة | G92: ماجستير | H92: 12 | I92: مقبول | J92: 14110 | K92: =J92*0.2 -> 2822 | L92: =500 -> 500 | M92: =J92*0 -> 0 | N92: =J92+K92+L92+M92 -> 17432 | O92: =IF(N92>10000,N92*0.15,N92*0.1) -> 2614.8 | P92: =N92-O92 -> 14817.2
A93: 92 | B93: منى محمد | C93: أنثى | D93: العمليات | E93: مشرف مستودع | F93: الإسكندرية | G93: دكتوراه | H93: 2 | I93: مقبول | J93: 8506 | K93: =J93*0.2 -> 1701.2 | L93: =500 -> 500 | M93: =J93*0 -> 0 | N93: =J93+K93+L93+M93 -> 10707.2 | O93: =IF(N93>10000,N93*0.15,N93*0.1) -> 1606.08 | P93: =N93-O93 -> 9101.12
A94: 93 | B94: أحمد حسين | C94: ذكر | D94: التسويق | E94: مصمم جرافيك | F94: القاهرة | G94: دبلوم | H94: 12 | I94: جيد | J94: 10979 | K94: =J94*0.2 -> 2195.8 | L94: =500 -> 500 | M94: =J94*0.06 -> 658.74 | N94: =J94+K94+L94+M94 -> 14333.54 | O94: =IF(N94>10000,N94*0.15,N94*0.1) -> 2150.031 | P94: =N94-O94 -> 12183.509
A95: 94 | B95: عمر أحمد | C95: ذكر | D95: تقنية المعلومات | E95: محلل بيانات | F95: القاهرة | G95: بكالوريوس | H95: 1 | I95: جيد جداً | J95: 14180 | K95: =J95*0.2 -> 2836 | L95: =500 -> 500 | M95: =J95*0.12 -> 1701.6 | N95: =J95+K95+L95+M95 -> 19217.6 | O95: =IF(N95>10000,N95*0.15,N95*0.1) -> 2882.64 | P95: =N95-O95 -> 16334.96
A96: 95 | B96: ياسمين حسين | C96: أنثى | D96: الموارد البشرية | E96: أخصائي توظيف | F96: الإسكندرية | G96: دكتوراه | H96: 6 | I96: ممتاز | J96: 12327 | K96: =J96*0.2 -> 2465.4 | L96: =500 -> 500 | M96: =J96*0.2 -> 2465.4 | N96: =J96+K96+L96+M96 -> 17757.8 | O96: =IF(N96>10000,N96*0.15,N96*0.1) -> 2663.67 | P96: =N96-O96 -> 15094.13
A97: 96 | B97: مريم صالح | C97: أنثى | D97: التسويق | E97: محلل تسويق | F97: الجيزة | G97: دكتوراه | H97: 12 | I97: ممتاز | J97: 14022 | K97: =J97*0.2 -> 2804.4 | L97: =500 -> 500 | M97: =J97*0.2 -> 2804.4 | N97: =J97+K97+L97+M97 -> 20130.8 | O97: =IF(N97>10000,N97*0.15,N97*0.1) -> 3019.62 | P97: =N97-O97 -> 17111.18
A98: 97 | B98: مريم عبدالله | C98: أنثى | D98: الموارد البشرية | E98: مدير HR | F98: القاهرة | G98: دكتوراه | H98: 18 | I98: جيد | J98: 24294 | K98: =J98*0.2 -> 4858.8 | L98: =500 -> 500 | M98: =J98*0.06 -> 1457.64 | N98: =J98+K98+L98+M98 -> 31110.44 | O98: =IF(N98>10000,N98*0.15,N98*0.1) -> 4666.566 | P98: =N98-O98 -> 26443.874
A99: 98 | B99: نورا علي | C99: أنثى | D99: تقنية المعلومات | E99: مهندس شبكات | F99: القاهرة | G99: ماجستير | H99: 4 | I99: مقبول | J99: 19919 | K99: =J99*0.2 -> 3983.8 | L99: =500 -> 500 | M99: =J99*0 -> 0 | N99: =J99+K99+L99+M99 -> 24402.8 | O99: =IF(N99>10000,N99*0.15,N99*0.1) -> 3660.42 | P99: =N99-O99 -> 20742.38
A100: 99 | B100: مريم عبدالله | C100: أنثى | D100: التسويق | E100: محلل تسويق | F100: المنصورة | G100: ماجستير | H100: 18 | I100: ممتاز | J100: 16380 | K100: =J100*0.2 -> 3276 | L100: =500 -> 500 | M100: =J100*0.2 -> 3276 | N100: =J100+K100+L100+M100 -> 23432 | O100: =IF(N100>10000,N100*0.15,N100*0.1) -> 3514.8 | P100: =N100-O100 -> 19917.2
...

Sheet 📊 Dashboard
A1: 👥 لوحة تحليل رواتب الموظفين — 2025
A3: تحليل شامل لـ 200 موظف عبر 7 أقسام | الرواتب — الأداء — التوزيع الجغرافي
A5: 👤 إجمالي الموظفين | D5: 💰 إجمالي الرواتب | G5: 📊 متوسط صافي الراتب | J5: 🏆 أعلى راتب
A6: =COUNTA('📋 Raw Data'!B2:B201) -> 200 | D6: =SUM('📋 Raw Data'!N2:N201) -> 4426098.7 | G6: =AVERAGE('📋 Raw Data'!P2:P201) -> 18815.269 | J6: =MAX('📋 Raw Data'!N2:N201) -> 45473.6
A9: 🏢 تحليل الأقسام | F9: 🎯 توزيع تقييمات الأداء
A10: القسم | B10: عدد الموظفين | C10: متوسط الراتب الإجمالي | D10: إجمالي المكافآت | F10: التقييم | G10: عدد الموظفين | H10: متوسط الراتب | I10: إجمالي المكافآت
A11: المبيعات | B11: =COUNTIF('📋 Raw Data'!D$2:D$201,A11) -> 34 | C11: =AVERAGEIF('📋 Raw Data'!D$2:D$201,A11,'📋 Raw Data'!N$2:N$201) -> 18136.312 | D11: =SUMIF('📋 Raw Data'!D$2:D$201,A11,'📋 Raw Data'!M$2:M$201) -> 47590.2 | F11: ممتاز | G11: =COUNTIF('📋 Raw Data'!I$2:I$201,F11) -> 46 | H11: =AVERAGEIF('📋 Raw Data'!I$2:I$201,F11,'📋 Raw Data'!P$2:P$201) -> 20760.005 | I11: =SUMIF('📋 Raw Data'!I$2:I$201,F11,'📋 Raw Data'!M$2:M$201) -> 157211.8
A12: التسويق | B12: =COUNTIF('📋 Raw Data'!D$2:D$201,A12) -> 27 | C12: =AVERAGEIF('📋 Raw Data'!D$2:D$201,A12,'📋 Raw Data'!N$2:N$201) -> 22137.763 | D12: =SUMIF('📋 Raw Data'!D$2:D$201,A12,'📋 Raw Data'!M$2:M$201) -> 43817.6 | F12: جيد جداً | G12: =COUNTIF('📋 Raw Data'!I$2:I$201,F12) -> 58 | H12: =AVERAGEIF('📋 Raw Data'!I$2:I$201,F12,'📋 Raw Data'!P$2:P$201) -> 18591.65 | I12: =SUMIF('📋 Raw Data'!I$2:I$201,F12,'📋 Raw Data'!M$2:M$201) -> 112691.52
A13: تقنية المعلومات | B13: =COUNTIF('📋 Raw Data'!D$2:D$201,A13) -> 29 | C13: =AVERAGEIF('📋 Raw Data'!D$2:D$201,A13,'📋 Raw Data'!N$2:N$201) -> 28858.515 | D13: =SUMIF('📋 Raw Data'!D$2:D$201,A13,'📋 Raw Data'!M$2:M$201) -> 57021.34 | F13: جيد | G13: =COUNTIF('📋 Raw Data'!I$2:I$201,F13) -> 44 | H13: =AVERAGEIF('📋 Raw Data'!I$2:I$201,F13,'📋 Raw Data'!P$2:P$201) -> 20683.379 | I13: =SUMIF('📋 Raw Data'!I$2:I$201,F13,'📋 Raw Data'!M$2:M$201) -> 49936.62
A14: الموارد البشرية | B14: =COUNTIF('📋 Raw Data'!D$2:D$201,A14) -> 31 | C14: =AVERAGEIF('📋 Raw Data'!D$2:D$201,A14,'📋 Raw Data'!N$2:N$201) -> 22673.73 | D14: =SUMIF('📋 Raw Data'!D$2:D$201,A14,'📋 Raw Data'!M$2:M$201) -> 55020.42 | F14: مقبول | G14: =COUNTIF('📋 Raw Data'!I$2:I$201,F14) -> 52 | H14: =AVERAGEIF('📋 Raw Data'!I$2:I$201,F14,'📋 Raw Data'!P$2:P$201) -> 15763.637 | I14: =SUMIF('📋 Raw Data'!I$2:I$201,F14,'📋 Raw Data'!M$2:M$201) -> 0
A15: المالية | B15: =COUNTIF('📋 Raw Data'!D$2:D$201,A15) -> 23 | C15: =AVERAGEIF('📋 Raw Data'!D$2:D$201,A15,'📋 Raw Data'!N$2:N$201) -> 25563.984 | D15: =SUMIF('📋 Raw Data'!D$2:D$201,A15,'📋 Raw Data'!M$2:M$201) -> 45106.84
A16: العمليات | B16: =COUNTIF('📋 Raw Data'!D$2:D$201,A16) -> 31 | C16: =AVERAGEIF('📋 Raw Data'!D$2:D$201,A16,'📋 Raw Data'!N$2:N$201) -> 19089.085 | D16: =SUMIF('📋 Raw Data'!D$2:D$201,A16,'📋 Raw Data'!M$2:M$201) -> 32960.42
A17: خدمة العملاء | B17: =COUNTIF('📋 Raw Data'!D$2:D$201,A17) -> 25 | C17: =AVERAGEIF('📋 Raw Data'!D$2:D$201,A17,'📋 Raw Data'!N$2:N$201) -> 19689.149 | D17: =SUMIF('📋 Raw Data'!D$2:D$201,A17,'📋 Raw Data'!M$2:M$201) -> 38323.12
A20: ⚖️ تحليل الفجوة بين الجنسين | F20: 🌍 التوزيع الجغرافي
A21: الجنس | B21: عدد الموظفين | C21: متوسط الراتب الإجمالي | D21: متوسط سنوات الخبرة | F21: المدينة | G21: عدد الموظفين | H21: متوسط الراتب | I21: إجمالي الرواتب
A22: ذكر | B22: =COUNTIF('📋 Raw Data'!C$2:C$201,A22) -> 109 | C22: =AVERAGEIF('📋 Raw Data'!C$2:C$201,A22,'📋 Raw Data'!N$2:N$201) -> 22115.182 | D22: =AVERAGEIF('📋 Raw Data'!C$2:C$201,A22,'📋 Raw Data'!H$2:H$201) -> 9.5321101 | F22: القاهرة | G22: =COUNTIF('📋 Raw Data'!F$2:F$201,F22) -> 41 | H22: =AVERAGEIF('📋 Raw Data'!F$2:F$201,F22,'📋 Raw Data'!P$2:P$201) -> 19200.475 | I22: =SUMIF('📋 Raw Data'!F$2:F$201,F22,'📋 Raw Data'!N$2:N$201) -> 926140.58
A23: أنثى | B23: =COUNTIF('📋 Raw Data'!C$2:C$201,A23) -> 91 | C23: =AVERAGEIF('📋 Raw Data'!C$2:C$201,A23,'📋 Raw Data'!N$2:N$201) -> 22148.835 | D23: =AVERAGEIF('📋 Raw Data'!C$2:C$201,A23,'📋 Raw Data'!H$2:H$201) -> 9.9010989 | F23: الإسكندرية | G23: =COUNTIF('📋 Raw Data'!F$2:F$201,F23) -> 40 | H23: =AVERAGEIF('📋 Raw Data'!F$2:F$201,F23,'📋 Raw Data'!P$2:P$201) -> 19319.519 | I23: =SUMIF('📋 Raw Data'!F$2:F$201,F23,'📋 Raw Data'!N$2:N$201) -> 909153.82
F24: الجيزة | G24: =COUNTIF('📋 Raw Data'!F$2:F$201,F24) -> 44 | H24: =AVERAGEIF('📋 Raw Data'!F$2:F$201,F24,'📋 Raw Data'!P$2:P$201) -> 18119.848 | I24: =SUMIF('📋 Raw Data'!F$2:F$201,F24,'📋 Raw Data'!N$2:N$201) -> 937968.62
F25: المنصورة | G25: =COUNTIF('📋 Raw Data'!F$2:F$201,F25) -> 49 | H25: =AVERAGEIF('📋 Raw Data'!F$2:F$201,F25,'📋 Raw Data'!P$2:P$201) -> 18505.479 | I25: =SUMIF('📋 Raw Data'!F$2:F$201,F25,'📋 Raw Data'!N$2:N$201) -> 1066317.3
F26: أسيوط | G26: =COUNTIF('📋 Raw Data'!F$2:F$201,F26) -> 26 | H26: =AVERAGEIF('📋 Raw Data'!F$2:F$201,F26,'📋 Raw Data'!P$2:P$201) -> 19192.756 | I26: =SUMIF('📋 Raw Data'!F$2:F$201,F26,'📋 Raw Data'!N$2:N$201) -> 586518.44
